<?xml version="1.0" encoding="UTF-8"?><module codename="org.netbeans.core.netigso">
    <module_version install_time="1523362351699" last="true" origin="installer" specification_version="1.31.1">
        <file crc="3723901005" name="config/Modules/org-netbeans-core-netigso.xml"/>
        <file crc="2107776109" name="modules/locale/org-netbeans-core-netigso_ja.jar"/>
        <file crc="2875661877" name="modules/locale/org-netbeans-core-netigso_pt_BR.jar"/>
        <file crc="1301168889" name="modules/locale/org-netbeans-core-netigso_ru.jar"/>
        <file crc="3629496463" name="modules/locale/org-netbeans-core-netigso_zh_CN.jar"/>
        <file crc="3163793000" name="modules/org-netbeans-core-netigso.jar"/>
    </module_version>
</module>
